Country,"Density
(P/Km2)",Agricultural Land( %),Land Area(Km2),Armed Forces size,Birth Rate,Co2-Emissions,CPI,CPI Change (%),Fertility Rate,Forested Area (%),Gasoline Price,GDP,Gross primary education enrollment (%),Gross tertiary education enrollment (%),Infant mortality,Life expectancy,Maternal mortality ratio,Minimum wage,Out of pocket health expenditure,Physicians per thousand,Population,Population: Labor force participation (%),Tax revenue (%),Total tax rate,Unemployment rate,Urban_population,Latitude,Longitude
Afghanistan,60.00,0.58,652230.00,323000.00,32.49,8672.00,149.90,0.02,4.47,0.02,0.70,19101353833.00,1.04,0.10,47.90,64.50,638.00,0.43,0.78,0.28,38041754.00,0.49,0.09,0.71,0.11,9797273.00,33.94,67.71
Albania,105.00,0.43,28748.00,9000.00,11.78,4536.00,119.05,0.01,1.62,0.28,1.36,15278077447.00,1.07,0.55,7.80,78.50,15.00,1.12,0.57,1.20,2854191.00,0.56,0.19,0.37,0.12,1747593.00,41.15,20.17
Algeria,18.00,0.17,2381741.00,317000.00,24.28,150006.00,151.36,0.02,3.02,0.01,0.28,169988236398.00,1.10,0.51,20.10,76.70,112.00,0.95,0.28,1.72,43053054.00,0.41,0.37,0.66,0.12,31510100.00,28.03,1.66
Andorra,164.00,0.40,468.00,,7.20,469.00,,,1.27,0.34,1.51,3154057987.00,1.06,,2.70,,,6.63,0.36,3.33,77142.00,,,,,67873.00,42.51,1.52
Angola,26.00,0.48,1246700.00,117000.00,40.73,34693.00,261.73,0.17,5.52,0.46,0.97,94635415870.00,1.14,0.09,51.60,60.80,241.00,0.71,0.33,0.21,31825295.00,0.78,0.09,0.49,0.07,21061025.00,-11.20,17.87
Antigua and Barbuda,223.00,0.21,443.00,0.00,15.33,557.00,113.81,0.01,1.99,0.22,0.99,1727759259.00,1.05,0.25,5.00,76.90,42.00,3.04,0.24,2.76,97118.00,,0.17,0.43,,23800.00,17.06,-61.80
Argentina,17.00,0.54,2780400.00,105000.00,17.02,201348.00,232.75,0.54,2.26,0.10,1.10,449663446954.00,1.10,0.90,8.80,76.50,39.00,3.35,0.18,3.96,44938712.00,0.61,0.10,1.06,0.10,41339571.00,-38.42,-63.62
Armenia,104.00,0.59,29743.00,49000.00,13.99,5156.00,129.18,0.01,1.76,0.12,0.77,13672802158.00,0.93,0.55,11.00,74.90,26.00,0.66,0.82,4.40,2957731.00,0.56,0.21,0.23,0.17,1869848.00,40.07,45.04
Australia,3.00,0.48,7741220.00,58000.00,12.60,375908.00,119.80,0.02,1.74,0.16,0.93,1392680589329.00,1.00,1.13,3.10,82.70,6.00,13.59,0.20,3.68,25766605.00,0.66,0.23,0.47,0.05,21844756.00,-25.27,133.78
Austria,109.00,0.32,83871.00,21000.00,9.70,61448.00,118.06,0.02,1.47,0.47,1.20,446314739528.00,1.03,0.85,2.90,81.60,5.00,,0.18,5.17,8877067.00,0.61,0.25,0.51,0.05,5194416.00,47.52,14.55
Azerbaijan,123.00,0.58,86600.00,82000.00,14.00,37620.00,156.32,0.03,1.73,0.14,0.56,39207000000.00,1.00,0.28,19.20,72.90,26.00,0.47,0.79,3.45,10023318.00,0.67,0.13,0.41,0.06,5616165.00,40.14,47.58
The Bahamas,39.00,0.01,13880.00,1000.00,13.97,1786.00,116.22,0.03,1.75,0.51,0.92,12827000000.00,0.81,0.15,8.30,73.80,70.00,5.25,0.28,1.94,389482.00,0.75,0.15,0.34,0.10,323784.00,25.03,-77.40
Bahrain,2239.00,0.11,765.00,19000.00,13.99,31694.00,117.59,0.02,1.99,0.01,0.43,38574069149.00,0.99,0.51,6.10,77.20,14.00,,0.25,0.93,1501635.00,0.73,0.04,0.14,0.01,1467109.00,26.07,50.56
Bangladesh,1265.00,0.71,148460.00,221000.00,18.18,84246.00,179.68,0.06,2.04,0.11,1.12,302571254131.00,1.17,0.21,25.10,72.30,173.00,0.51,0.72,0.58,167310838.00,0.59,0.09,0.33,0.04,60987417.00,23.68,90.36
Barbados,668.00,0.23,430.00,1000.00,10.65,1276.00,134.09,0.04,1.62,0.15,1.81,5209000000.00,0.99,0.65,11.30,79.10,27.00,3.13,0.45,2.48,287025.00,0.65,0.28,0.36,0.10,89431.00,13.19,-59.54
Belarus,47.00,0.42,207600.00,155000.00,9.90,58280.00,,0.06,1.45,0.43,0.60,63080457023.00,1.01,0.87,2.60,74.20,2.00,1.49,0.35,5.19,9466856.00,0.64,0.15,0.53,0.05,7482982.00,53.71,27.95
Belgium,383.00,0.45,30528.00,32000.00,10.30,96889.00,117.11,0.01,1.62,0.23,1.43,529606710418.00,1.04,0.80,2.90,81.60,5.00,10.31,0.18,3.07,11484055.00,0.54,0.24,0.55,0.06,11259082.00,50.50,4.47
Belize,17.00,0.07,22966.00,2000.00,20.79,568.00,105.68,-0.01,2.31,0.60,1.13,1879613600.00,1.12,0.25,11.20,74.50,36.00,1.65,0.23,1.12,390353.00,0.65,0.26,0.31,0.06,179039.00,17.19,-88.50
Benin,108.00,0.33,112622.00,12000.00,36.22,6476.00,110.71,-0.01,4.84,0.38,0.72,14390709095.00,1.22,0.12,60.50,61.50,397.00,0.39,0.41,0.08,11801151.00,0.71,0.11,0.49,0.02,5648149.00,9.31,2.32
Bhutan,20.00,0.14,38394.00,6000.00,17.26,1261.00,167.18,0.03,1.98,0.73,0.98,2446674101.00,1.00,0.16,24.80,71.50,183.00,0.32,0.20,0.42,727145.00,0.67,0.16,0.35,0.02,317538.00,27.51,90.43
Bolivia,11.00,0.35,1098581.00,71000.00,21.75,21606.00,148.32,0.02,2.73,0.50,0.71,40895322865.00,0.98,,21.80,71.20,155.00,1.36,0.26,1.59,11513100.00,0.72,0.17,0.84,0.04,8033035.00,-16.29,-63.59
Bosnia and Herzegovina,64.00,0.43,51197.00,11000.00,8.11,21848.00,104.90,0.01,1.27,0.43,1.05,20047848435.00,,0.23,5.00,77.30,10.00,1.04,0.29,2.16,3301000.00,0.46,0.20,0.24,0.18,1605144.00,43.92,17.68
Botswana,4.00,0.46,581730.00,9000.00,24.82,6340.00,149.75,0.03,2.87,0.19,0.71,18340510789.00,1.03,0.25,30.00,69.30,144.00,0.29,0.05,0.37,2346179.00,0.71,0.20,0.25,0.18,1616550.00,-22.33,24.68
Brazil,25.00,0.34,8515770.00,730000.00,13.92,462299.00,167.40,0.04,1.73,0.59,1.02,1839758040766.00,1.15,0.51,12.80,75.70,60.00,1.53,0.28,2.15,212559417.00,0.64,0.14,0.65,0.12,183241641.00,-14.24,-51.93
Brunei,83.00,0.03,5765.00,8000.00,14.90,7664.00,99.03,0.00,1.85,0.72,0.37,13469422941.00,1.03,0.31,9.80,75.70,31.00,,0.06,1.61,433285.00,0.65,,0.08,0.09,337711.00,4.54,114.73
Bulgaria,64.00,0.46,110879.00,31000.00,8.90,41708.00,114.42,0.03,1.56,0.35,1.11,86000000000.00,0.89,0.71,5.90,74.90,10.00,1.57,0.48,4.03,6975761.00,0.55,0.20,0.28,0.04,5256027.00,42.73,25.49
Burkina Faso,76.00,0.44,274200.00,11000.00,37.93,3418.00,106.58,-0.03,5.19,0.19,0.98,15745810235.00,0.96,0.07,49.00,61.20,320.00,0.34,0.36,0.08,20321378.00,0.66,0.15,0.41,0.06,6092349.00,12.24,-1.56
Burundi,463.00,0.79,27830.00,31000.00,39.01,495.00,182.11,-0.01,5.41,0.11,1.21,3012334882.00,1.21,0.06,41.00,61.20,548.00,,0.19,0.10,11530580.00,0.79,0.14,0.41,0.01,1541177.00,-3.37,29.92
Ivory Coast,83.00,0.65,322463.00,27000.00,35.74,9674.00,111.61,-0.01,4.65,0.33,0.93,58792205642.00,1.00,0.09,59.40,57.40,617.00,0.36,0.36,0.23,25716544.00,0.57,0.12,0.50,0.03,13176900.00,7.54,-5.55
Cape Verde,138.00,0.20,4033.00,1000.00,19.49,543.00,110.50,0.01,2.27,0.23,1.02,1981845741.00,1.04,0.24,16.70,72.80,58.00,0.68,0.23,0.77,483628.00,0.61,0.20,0.38,0.12,364029.00,16.54,-23.04
Cambodia,95.00,0.31,181035.00,191000.00,22.46,9919.00,127.63,0.03,2.50,0.53,0.90,27089389787.00,1.07,0.14,24.00,69.60,160.00,,0.59,0.17,16486542.00,0.82,0.17,0.23,0.01,3924621.00,12.57,104.99
Cameroon,56.00,0.21,475440.00,24000.00,35.39,8291.00,118.65,0.03,4.57,0.39,1.03,38760467033.00,1.03,0.13,50.60,58.90,529.00,0.35,0.70,0.09,25876380.00,0.76,0.13,0.58,0.03,14741256.00,7.37,12.35
Canada,4.00,0.07,9984670.00,72000.00,10.10,544894.00,116.76,0.02,1.50,0.38,0.81,1736425629520.00,1.01,0.69,4.30,81.90,10.00,9.51,0.15,2.61,36991981.00,0.65,0.13,0.25,0.06,30628482.00,56.13,-106.35
Central African Republic,8.00,0.08,622984.00,8000.00,35.35,297.00,186.86,0.37,4.72,0.36,1.41,2220307369.00,1.02,0.03,84.50,52.80,829.00,0.37,0.40,0.06,4745185.00,0.72,0.09,0.73,0.04,1982064.00,6.61,20.94
Chad,13.00,0.40,1284000.00,35000.00,42.17,1016.00,117.70,-0.01,5.75,0.04,0.78,11314951343.00,0.87,0.03,71.40,54.00,1140.00,0.60,0.56,0.04,15946876.00,0.71,,0.64,0.02,3712273.00,15.45,18.73
Chile,26.00,0.21,756096.00,122000.00,12.43,85822.00,131.91,0.03,1.65,0.24,1.03,282318159745.00,1.01,0.89,6.20,80.00,13.00,2.00,0.32,2.59,18952038.00,0.63,0.18,0.34,0.07,16610135.00,-35.68,-71.54
China,153.00,0.56,9596960.00,2695000.00,10.90,9893038.00,125.08,0.03,1.69,0.22,0.96,19910000000000.00,1.00,0.51,7.40,77.00,29.00,0.87,0.32,1.98,1397715000.00,0.68,0.09,0.59,0.04,842933962.00,35.86,104.20
Colombia,46.00,0.40,1138910.00,481000.00,14.88,97814.00,140.95,0.04,1.81,0.53,0.68,323802808108.00,1.15,0.55,12.20,77.10,83.00,1.23,0.18,2.18,50339443.00,0.69,0.14,0.71,0.10,40827302.00,4.57,-74.30
Comoros,467.00,0.72,2235.00,,31.88,202.00,103.62,-0.04,4.21,0.20,,1185728677.00,1.00,0.09,51.30,64.10,273.00,0.71,0.75,0.27,850886.00,0.43,,2.20,0.04,248152.00,-11.65,43.33
Republic of the Congo,16.00,0.31,342000.00,12000.00,32.86,3282.00,124.74,0.02,4.43,0.65,0.97,10820591131.00,1.07,0.13,36.20,64.30,378.00,0.88,0.44,0.12,5380508.00,0.69,0.09,0.54,0.09,3625010.00,-0.23,15.83
Costa Rica,100.00,0.35,51100.00,10000.00,13.97,8023.00,128.85,0.02,1.75,0.55,0.98,61773944174.00,1.13,0.55,7.60,80.10,27.00,1.84,0.22,2.89,5047561.00,0.62,0.14,0.58,0.12,4041885.00,9.75,-83.75
Croatia,73.00,0.28,56594.00,18000.00,9.00,17488.00,109.82,0.01,1.47,0.34,1.26,60415553039.00,0.97,0.68,4.00,78.10,8.00,2.92,0.15,3.00,4067500.00,0.51,0.22,0.21,0.07,2328318.00,45.10,15.20
Cuba,106.00,0.60,110860.00,76000.00,10.17,28284.00,,,1.62,0.31,1.40,100023000000.00,1.02,0.41,3.70,78.70,36.00,0.05,,8.42,11333483.00,0.54,,,0.02,8739135.00,21.52,-77.78
Cyprus,131.00,0.12,9251.00,16000.00,10.46,6626.00,102.51,0.00,1.33,0.19,1.23,24564647935.00,0.99,0.76,1.90,80.80,6.00,,0.44,1.95,1198575.00,0.63,0.25,0.22,0.07,800708.00,35.13,33.43
Czech Republic,139.00,0.45,78867.00,23000.00,10.70,102218.00,116.48,0.03,1.69,0.35,1.17,246489245495.00,1.01,0.64,2.70,79.00,3.00,3.00,0.15,4.12,10669709.00,0.61,0.15,0.46,0.02,7887156.00,49.82,15.47
Democratic Republic of the Congo,40.00,0.12,2344858.00,134000.00,41.18,2021.00,133.85,0.03,5.92,0.67,1.49,47319624204.00,1.08,0.07,68.20,60.40,473.00,0.18,0.37,0.07,86790567.00,0.64,0.11,0.51,0.04,39095679.00,-4.04,21.76
Denmark,137.00,0.62,43094.00,15000.00,10.60,31786.00,110.35,0.01,1.73,0.15,1.55,348078018464.00,1.01,0.81,3.60,81.00,4.00,,0.14,4.01,5818553.00,0.62,0.32,0.24,0.05,5119978.00,56.26,9.50
Djibouti,43.00,0.73,23200.00,13000.00,21.47,620.00,120.25,0.03,2.73,0.00,1.32,3318716359.00,0.75,0.05,49.80,66.60,248.00,,0.20,0.22,973560.00,0.60,,0.38,0.10,758549.00,11.83,42.59
Dominica,96.00,0.33,751.00,,12.00,180.00,103.87,0.01,1.90,0.57,,596033333.00,1.15,0.07,32.90,76.60,,1.48,0.28,1.08,71808.00,,0.22,0.33,,50830.00,15.41,-61.37
Dominican Republic,225.00,0.49,48670.00,71000.00,19.51,25258.00,135.50,0.02,2.35,0.42,1.07,88941298258.00,1.06,0.60,24.10,73.90,95.00,0.40,0.44,1.56,10738958.00,0.64,0.13,0.49,0.06,8787475.00,18.74,-70.16
Ecuador,71.00,0.22,283561.00,41000.00,19.72,41155.00,124.14,0.00,2.43,0.50,0.61,107435665000.00,1.03,0.45,12.20,76.80,59.00,2.46,0.44,2.04,17373662.00,0.68,,0.34,0.04,11116711.00,-1.83,-78.18
Egypt,103.00,0.04,1001450.00,836000.00,26.38,238560.00,288.57,0.09,3.33,0.00,0.40,303175127598.00,1.06,0.35,18.10,71.80,37.00,,0.62,0.45,100388073.00,0.46,0.13,0.44,0.11,42895824.00,26.82,30.80
El Salvador,313.00,0.76,21041.00,42000.00,18.25,7169.00,111.23,0.00,2.04,0.13,0.83,27022640000.00,0.95,0.29,11.80,73.10,46.00,0.50,0.28,1.57,6453553.00,0.59,0.18,0.36,0.04,4694702.00,13.79,-88.90
Equatorial Guinea,50.00,0.10,28051.00,1000.00,33.24,5655.00,124.35,0.01,4.51,0.56,,11026774945.00,0.62,0.02,62.60,58.40,301.00,1.05,0.72,0.40,1355986.00,0.62,0.06,0.79,0.06,984812.00,1.65,10.27
Eritrea,35.00,0.75,117600.00,202000.00,30.30,711.00,,,4.06,0.15,2.00,2065001626.00,0.68,0.03,31.30,65.90,480.00,,0.52,0.06,6333135.00,0.78,,0.84,0.05,1149670.00,15.18,39.78
Estonia,31.00,0.23,45228.00,6000.00,10.90,16590.00,122.14,0.02,1.59,0.51,1.14,31386949981.00,0.97,0.70,2.10,78.20,9.00,3.14,0.23,4.48,1331824.00,0.64,0.21,0.48,0.05,916024.00,58.60,25.01
Ethiopia,115.00,0.36,1104300.00,138000.00,32.34,14870.00,143.86,0.16,4.25,0.13,0.75,96107662398.00,1.01,0.08,39.10,66.20,401.00,,0.38,0.08,112078730.00,0.80,0.08,0.38,0.02,23788710.00,9.15,40.49
Fiji,49.00,0.23,18274.00,4000.00,21.28,2046.00,132.30,0.02,2.77,0.56,0.82,5535548972.00,1.06,0.16,21.60,67.30,34.00,1.28,0.21,0.84,889953.00,0.58,0.24,0.32,0.04,505048.00,-17.71,178.07
Finland,18.00,0.08,338145.00,25000.00,8.60,45871.00,112.33,0.01,1.41,0.73,1.45,268761201365.00,1.00,0.88,1.40,81.70,3.00,,0.20,3.81,5520314.00,0.59,0.21,0.37,0.07,4716888.00,61.92,25.75
France,119.00,0.52,643801.00,307000.00,11.30,303276.00,110.05,0.01,1.88,0.31,1.39,2715518274227.00,1.03,0.66,3.40,82.50,8.00,11.16,0.07,3.27,67059887.00,0.55,0.24,0.61,0.08,54123364.00,46.23,2.21
Gabon,9.00,0.20,267667.00,7000.00,31.61,5321.00,122.19,0.02,3.97,0.90,0.92,16657960228.00,1.40,0.08,32.70,66.20,252.00,1.46,0.26,0.68,2172579.00,0.53,0.10,0.47,0.20,1949694.00,-0.80,11.61
The Gambia,239.00,0.60,11300.00,1000.00,38.54,532.00,172.73,0.07,5.22,0.48,1.18,1763819048.00,0.98,0.03,39.00,61.70,597.00,0.13,0.20,0.10,2347706.00,0.59,0.09,0.48,0.09,1453958.00,13.44,-15.31
Georgia,57.00,0.35,69700.00,26000.00,13.47,10128.00,133.61,0.05,2.06,0.41,0.76,17743195770.00,0.99,0.64,8.70,73.60,25.00,0.05,0.57,7.12,3720382.00,0.68,0.22,0.10,0.14,2196476.00,42.32,43.36
Germany,240.00,0.48,357022.00,180000.00,9.50,727973.00,112.85,0.01,1.56,0.33,1.39,3845630030824.00,1.04,0.70,3.10,80.90,7.00,9.99,0.13,4.25,83132799.00,0.61,0.12,0.49,0.03,64324835.00,51.17,10.45
Ghana,137.00,0.69,238533.00,16000.00,29.41,16670.00,268.36,0.07,3.87,0.41,0.92,66983634224.00,1.05,0.16,34.90,63.80,308.00,0.27,0.36,0.14,30792608.00,0.68,0.13,0.55,0.04,17249054.00,7.95,-1.02
Greece,81.00,0.48,131957.00,146000.00,8.10,62434.00,101.87,0.00,1.35,0.32,1.54,209852761469.00,1.00,1.37,3.60,81.30,3.00,4.46,0.36,5.48,10716322.00,0.52,0.26,0.52,0.17,8507474.00,39.07,21.82
Grenada,331.00,0.24,349.00,,16.47,268.00,107.43,0.01,2.06,0.50,1.12,1228170370.00,1.07,1.05,13.70,72.40,25.00,,0.57,1.41,112003.00,,0.19,0.48,,40765.00,12.12,-61.68
Guatemala,167.00,0.36,108889.00,43000.00,24.56,16777.00,142.92,0.04,2.87,0.33,0.79,76710385880.00,1.02,0.22,22.10,74.10,95.00,1.60,0.56,0.35,16604026.00,0.62,0.11,0.35,0.02,8540945.00,15.78,-90.23
Guinea,53.00,0.59,245857.00,13000.00,36.36,2996.00,262.95,0.10,4.70,0.26,0.90,13590281809.00,0.92,0.12,64.90,61.20,576.00,,0.55,0.08,12771246.00,0.62,0.11,0.69,0.04,4661505.00,9.95,-9.70
Guinea-Bissau,70.00,0.58,36125.00,4000.00,35.13,293.00,111.65,0.01,4.48,0.70,,1340389411.00,1.19,0.03,54.00,58.00,667.00,0.16,0.37,0.13,1920922.00,0.72,0.10,0.46,0.02,840922.00,11.80,-15.18
Guyana,4.00,0.09,214969.00,3000.00,19.97,2384.00,116.19,0.02,2.46,0.84,0.90,4280443645.00,0.98,0.12,25.10,69.80,169.00,0.98,0.41,0.80,782766.00,0.56,,0.31,0.12,208912.00,4.86,-58.93
Haiti,414.00,0.67,27750.00,0.00,24.35,2978.00,179.29,0.13,2.94,0.04,0.81,8498981821.00,1.14,0.01,49.50,63.70,480.00,0.25,0.36,0.23,11263077.00,0.67,,0.43,0.14,6328948.00,18.97,-72.29
Honduras,89.00,0.29,112090.00,23000.00,21.60,9813.00,150.34,0.04,2.46,0.40,0.98,25095395475.00,0.92,0.26,15.10,75.10,65.00,1.01,0.49,0.31,9746117.00,0.69,0.17,0.39,0.05,5626433.00,15.20,-86.24
Hungary,107.00,0.58,93028.00,40000.00,9.60,45537.00,121.64,0.03,1.54,0.23,1.18,160967157504.00,1.01,0.49,3.60,75.80,12.00,2.62,0.29,3.41,9769949.00,0.57,0.23,0.38,0.03,6999582.00,47.16,19.50
Iceland,3.00,0.19,103000.00,0.00,12.00,2065.00,129.00,0.03,1.71,0.01,1.69,24188035739.00,1.00,0.72,1.50,82.70,4.00,,0.17,4.08,361313.00,0.75,0.23,0.32,0.03,339110.00,64.96,-19.02
India,464.00,0.60,3287263.00,3031000.00,17.86,2407672.00,180.44,0.08,2.22,0.24,0.97,2611000000000.00,1.13,0.28,29.90,69.40,145.00,0.30,0.65,0.86,1366417754.00,0.49,0.11,0.50,0.05,471031528.00,20.59,78.96
Indonesia,151.00,0.32,1904569.00,676000.00,18.07,563325.00,151.18,0.03,2.31,0.50,0.63,1119190780753.00,1.06,0.36,21.10,71.50,177.00,0.48,0.48,0.43,270203917.00,0.68,0.10,0.30,0.05,151509724.00,-0.79,113.92
Iran,52.00,0.28,1648195.00,563000.00,18.78,661710.00,550.93,0.40,2.14,0.07,0.40,445345282123.00,1.11,0.68,12.40,76.50,16.00,1.58,0.40,1.58,82913906.00,0.45,0.07,0.45,0.11,62509623.00,32.43,53.69
Iraq,93.00,0.21,438317.00,209000.00,29.08,190061.00,119.86,0.00,3.67,0.02,0.61,234094042939.00,1.09,0.16,22.50,70.50,79.00,1.24,0.77,0.71,39309783.00,0.43,0.02,0.31,0.13,27783368.00,33.22,43.68
Republic of Ireland,72.00,0.65,70273.00,9000.00,12.50,37711.00,106.58,0.01,1.75,0.11,1.37,388698711348.00,1.01,0.78,3.10,82.30,5.00,10.79,0.15,3.31,5007069.00,0.62,0.18,0.26,0.05,3133123.00,53.41,-8.24
Israel,400.00,0.25,20770.00,178000.00,20.80,65166.00,108.15,0.01,3.09,0.08,1.57,395098666122.00,1.05,0.63,3.00,82.80,3.00,7.58,0.24,4.62,9053300.00,0.64,0.23,0.25,0.04,8374393.00,31.05,34.85
Italy,206.00,0.43,301340.00,347000.00,7.30,320411.00,110.62,0.01,1.29,0.32,1.61,2001244392042.00,1.02,0.62,2.60,82.90,2.00,,0.23,3.98,60297396.00,0.50,0.24,0.59,0.10,42651966.00,41.87,12.57
Jamaica,273.00,0.41,10991.00,4000.00,16.10,8225.00,162.47,0.04,1.98,0.31,1.11,16458071068.00,0.91,0.27,12.40,74.40,80.00,1.33,0.24,1.31,2948279.00,0.66,0.27,0.35,0.08,1650594.00,18.11,-77.30
Japan,347.00,0.12,377944.00,261000.00,7.40,1135886.00,105.48,0.01,1.42,0.69,1.06,5081769542380.00,0.99,0.63,1.80,84.20,5.00,6.77,0.13,2.41,126226568.00,0.62,0.12,0.47,0.02,115782416.00,36.20,138.25
Jordan,115.00,0.12,89342.00,116000.00,21.98,25108.00,125.60,0.01,2.76,0.01,1.10,43743661972.00,0.82,0.34,13.90,74.40,46.00,1.49,0.25,2.32,10101694.00,0.39,0.15,0.29,0.15,9213048.00,30.59,36.24
Kazakhstan,7.00,0.80,2724900.00,71000.00,21.77,247207.00,182.75,0.05,2.84,0.01,0.42,180161741180.00,1.04,0.62,8.80,73.20,10.00,0.41,0.39,3.25,18513930.00,0.69,0.12,0.28,0.05,10652915.00,48.02,66.92
Kenya,94.00,0.49,580367.00,29000.00,28.75,17910.00,180.51,0.05,3.49,0.08,0.95,95503088538.00,1.03,0.12,30.60,66.30,342.00,0.25,0.33,0.16,52573973.00,0.75,0.15,0.37,0.03,14461523.00,-0.02,37.91
Kiribati,147.00,0.42,811.00,,27.89,66.00,99.55,0.01,3.57,0.15,,194647202.00,1.01,,41.20,68.10,92.00,,0.00,0.20,117606.00,,0.22,0.33,,64489.00,1.84,-157.38
Kuwait,240.00,0.08,17818.00,25000.00,13.94,98734.00,126.60,0.01,2.08,0.00,0.35,134761198946.00,0.92,0.54,6.70,75.40,12.00,0.95,0.14,2.58,4207083.00,0.74,0.01,0.13,0.02,4207083.00,29.31,47.48
Kyrgyzstan,34.00,0.55,199951.00,21000.00,27.10,9787.00,155.68,0.01,3.30,0.03,0.56,8454619608.00,1.08,0.41,16.90,71.40,60.00,0.09,0.48,1.88,6456900.00,0.60,0.18,0.29,0.06,2362644.00,41.20,74.77
Laos,32.00,0.10,236800.00,129000.00,23.55,17763.00,135.87,0.03,2.67,0.82,0.93,18173839128.00,1.02,0.15,37.60,67.60,185.00,0.83,0.45,0.37,7169455.00,0.79,0.13,0.24,0.01,2555552.00,19.86,102.50
Latvia,30.00,0.31,64589.00,6000.00,10.00,7004.00,116.86,0.03,1.60,0.54,1.16,34117202555.00,0.99,0.88,3.30,74.70,19.00,2.80,0.42,3.19,1912789.00,0.61,0.23,0.38,0.07,1304943.00,56.88,24.60
Lebanon,667.00,0.64,10400.00,80000.00,17.55,24796.00,130.02,0.03,2.09,0.13,0.74,53367042272.00,0.95,0.26,6.40,78.90,29.00,2.15,0.32,2.10,6855713.00,0.47,0.15,0.32,0.06,6084994.00,33.85,35.86
Lesotho,71.00,0.78,30355.00,2000.00,26.81,2512.00,155.86,0.05,3.14,0.02,0.70,2460072444.00,1.21,0.10,65.70,53.70,544.00,0.41,0.17,0.07,2125268.00,0.68,0.32,0.14,0.23,607508.00,-29.61,28.23
Liberia,53.00,0.28,111369.00,2000.00,33.04,1386.00,223.13,0.24,4.32,0.43,0.80,3070518100.00,0.85,0.12,53.50,63.70,661.00,0.17,0.20,0.04,4937374.00,0.76,0.13,0.46,0.03,2548426.00,6.43,-9.43
Libya,4.00,0.09,1759540.00,0.00,18.83,50564.00,125.71,0.03,2.24,0.00,0.11,52076250948.00,1.09,0.61,10.20,72.70,72.00,1.88,0.37,2.09,6777452.00,0.50,,0.33,0.19,5448597.00,26.34,17.23
Liechtenstein,238.00,0.32,160.00,,9.90,51.00,,,1.44,0.43,1.74,6552858739.00,1.05,0.36,,83.00,,,,,38019.00,,,0.22,,5464.00,47.14,9.52
Lithuania,43.00,0.47,65300.00,34000.00,10.00,12963.00,118.38,0.02,1.63,0.35,1.16,54219315600.00,1.04,0.72,3.30,75.70,8.00,2.41,0.32,6.35,2786844.00,0.62,0.17,0.43,0.06,1891013.00,55.17,23.88
Luxembourg,242.00,0.54,2586.00,2000.00,10.30,8988.00,115.09,0.02,1.37,0.36,1.19,71104919108.00,1.02,0.19,1.90,82.10,5.00,13.05,0.11,3.01,645397.00,0.59,0.27,0.20,0.05,565488.00,49.82,6.13
Madagascar,48.00,0.71,587041.00,22000.00,32.66,3905.00,184.33,0.06,4.08,0.21,1.11,14083906357.00,1.43,0.05,38.20,66.70,335.00,0.21,0.22,0.18,26969307.00,0.86,0.10,0.38,0.02,10210849.00,-18.77,46.87
Malawi,203.00,0.61,118484.00,15000.00,34.12,1298.00,418.34,0.09,4.21,0.33,1.15,7666704427.00,1.43,0.01,35.30,63.80,349.00,0.12,0.11,0.04,18628747.00,0.77,0.17,0.35,0.06,3199301.00,-13.25,34.30
Malaysia,99.00,0.26,329847.00,136000.00,16.75,248289.00,121.46,0.01,2.00,0.68,0.45,364701517788.00,1.05,0.45,6.70,76.00,29.00,0.93,0.37,1.51,32447385.00,0.64,0.12,0.39,0.03,24475766.00,4.21,101.98
Maldives,1802.00,0.26,298.00,5000.00,14.20,1445.00,99.70,0.00,1.87,0.03,1.63,5729248472.00,0.97,0.31,7.40,78.60,53.00,,0.16,4.56,530953.00,0.70,0.20,0.30,0.06,213645.00,3.20,73.22
Mali,17.00,0.34,1240192.00,18000.00,41.54,3179.00,108.73,-0.02,5.88,0.04,1.12,17510141171.00,0.76,0.05,62.00,58.90,562.00,0.23,0.46,0.13,19658031.00,0.71,0.12,0.55,0.07,8479688.00,17.57,-4.00
Malta,1380.00,0.32,316.00,2000.00,9.20,1342.00,113.45,0.02,1.23,0.01,1.36,14786156563.00,1.05,0.54,6.10,82.30,6.00,5.07,0.37,2.86,502653.00,0.57,0.26,0.44,0.03,475902.00,35.94,14.38
Marshall Islands,329.00,0.64,181.00,,29.03,143.00,,,4.05,0.70,1.44,221278000.00,0.85,0.24,27.40,65.20,,2.00,0.10,0.42,58791.00,,0.18,0.66,,45514.00,7.13,171.18
Mauritania,5.00,0.39,1030700.00,21000.00,33.69,2739.00,135.02,0.02,4.56,0.00,1.13,7593752450.00,1.00,0.05,51.50,64.70,766.00,0.53,0.48,0.19,4525696.00,0.46,,0.67,0.10,2466821.00,21.01,-10.94
Mauritius,626.00,0.42,2040.00,3000.00,10.20,4349.00,129.91,0.00,1.41,0.19,1.12,14180444557.00,1.01,0.41,13.60,74.40,61.00,0.38,0.51,2.53,1265711.00,0.58,0.19,0.22,0.07,515980.00,-20.35,57.55
Mexico,66.00,0.55,1964375.00,336000.00,17.60,486406.00,141.54,0.04,2.13,0.34,0.73,1258286717125.00,1.06,0.40,11.00,75.00,33.00,0.49,0.41,2.38,126014024.00,0.61,0.13,0.55,0.03,102626859.00,23.63,-102.55
Federated States of Micronesia,784.00,0.31,702.00,,22.82,143.00,112.10,0.01,3.05,0.92,,401932279.00,0.97,0.14,25.60,67.80,88.00,,0.03,0.18,113815.00,,0.25,0.61,,25963.00,7.43,150.55
Moldova,123.00,0.74,33851.00,7000.00,10.10,5115.00,166.20,0.05,1.26,0.13,0.80,11955435457.00,0.91,0.40,13.60,71.80,19.00,0.31,0.46,3.21,2657637.00,0.43,0.18,0.39,0.05,1135502.00,47.41,28.37
Mongolia,2.00,0.72,1564116.00,18000.00,24.13,25368.00,195.76,0.07,2.90,0.08,0.72,13852850259.00,1.04,0.66,14.00,69.70,45.00,0.65,0.39,2.86,3225167.00,0.60,0.17,0.26,0.06,2210626.00,46.86,103.85
Montenegro,47.00,0.19,13812.00,12000.00,11.73,2017.00,116.32,0.03,1.75,0.62,1.16,5494736901.00,1.00,0.56,2.30,76.80,6.00,1.23,0.32,2.76,622137.00,0.54,,0.22,0.15,417765.00,42.71,19.37
Morocco,83.00,0.69,446550.00,246000.00,18.94,61276.00,111.07,0.00,2.42,0.13,0.99,118725279596.00,1.14,0.36,19.20,76.50,70.00,1.60,0.53,0.73,36910560.00,0.45,0.22,0.46,0.09,22975026.00,31.79,-7.09
Mozambique,40.00,0.64,799380.00,11000.00,37.52,7943.00,182.31,0.03,4.85,0.48,0.65,14934159926.00,1.13,0.07,54.00,60.20,289.00,0.27,0.07,0.08,30366036.00,0.78,0.00,0.36,0.03,11092106.00,-18.67,35.53
Myanmar,83.00,0.20,676578.00,513000.00,17.55,25280.00,168.18,0.09,2.15,0.44,0.54,76085852617.00,1.12,0.19,36.80,66.90,250.00,0.39,0.74,0.68,54045420.00,0.62,0.05,0.31,0.02,16674093.00,21.92,95.96
Namibia,3.00,0.47,824292.00,16000.00,28.64,4228.00,157.97,0.04,3.40,0.08,0.76,12366527719.00,1.24,0.23,29.00,63.40,195.00,,0.08,0.42,2494530.00,0.60,0.27,0.21,0.20,1273258.00,-22.96,18.49
Nepal,203.00,0.29,147181.00,112000.00,19.89,9105.00,188.73,0.06,1.92,0.25,0.91,30641380604.00,1.42,0.12,26.70,70.50,186.00,0.36,0.60,0.75,28608710.00,0.84,0.21,0.42,0.01,5765513.00,28.39,84.12
Netherlands,508.00,0.53,41543.00,41000.00,9.70,170780.00,115.91,0.03,1.59,0.11,1.68,909070395161.00,1.04,0.85,3.30,81.80,5.00,10.29,0.12,3.61,17332850.00,0.64,0.23,0.41,0.03,15924729.00,52.13,5.29
New Zealand,18.00,0.41,268838.00,9000.00,11.98,34382.00,114.24,0.02,1.71,0.39,1.40,206928765544.00,1.00,0.82,4.70,81.90,9.00,11.49,0.13,3.59,4841000.00,0.70,0.29,0.35,0.04,4258860.00,-40.90,174.89
Nicaragua,55.00,0.42,130370.00,12000.00,20.64,5592.00,162.74,0.05,2.40,0.26,0.91,12520915291.00,1.21,0.17,15.70,74.30,98.00,0.54,0.36,0.98,6545502.00,0.66,0.16,0.61,0.07,3846137.00,12.87,-85.21
Niger,19.00,0.36,1267000.00,10000.00,46.08,2017.00,109.32,-0.03,6.91,0.01,0.88,12928145120.00,0.75,0.04,48.00,62.00,509.00,0.29,0.52,0.04,23310715.00,0.72,0.12,0.47,0.00,3850231.00,17.61,8.08
Nigeria,226.00,0.78,923768.00,215000.00,37.91,120369.00,267.51,0.11,5.39,0.07,0.46,448120428859.00,0.85,0.10,75.70,54.30,917.00,0.54,0.72,0.38,200963599.00,0.53,0.02,0.35,0.08,102806948.00,9.08,8.68
North Korea,214.00,0.22,120538.00,1469000.00,13.89,28284.00,,,1.90,0.41,0.58,32100000000.00,1.13,0.27,13.70,72.10,89.00,,,3.67,25666161.00,0.80,,,0.03,15947412.00,40.34,127.51
North Macedonia,83.00,,25713.00,,,,,,,,,10220781069.00,,,,,,,0.36,,1836713.00,,,,,,41.61,21.75
Norway,15.00,0.03,323802.00,23000.00,10.40,41023.00,120.27,0.02,1.56,0.33,1.78,403336363636.00,1.00,0.82,2.10,82.80,2.00,,0.14,2.92,5347896.00,0.64,0.24,0.36,0.03,4418218.00,60.47,8.47
Oman,16.00,0.05,309500.00,47000.00,19.19,63457.00,113.53,0.00,2.89,0.00,0.45,76983094928.00,1.03,0.38,9.80,77.60,19.00,4.33,0.06,2.00,5266535.00,0.72,0.03,0.27,0.03,4250777.00,21.47,55.98
Pakistan,287.00,0.48,796095.00,936000.00,28.25,201150.00,182.32,0.11,3.51,0.02,0.79,304400000000.00,0.94,0.09,57.20,67.10,140.00,0.69,0.67,0.98,216565318.00,0.53,0.09,0.34,0.04,79927762.00,30.38,69.35
Palau,39.00,0.11,459.00,,14.00,224.00,118.17,0.01,2.21,0.88,,283994900.00,1.13,0.55,16.60,69.10,,3.00,0.22,1.18,18233.00,,0.21,0.77,,14491.00,7.51,134.58
Panama,58.00,0.30,75420.00,26000.00,18.98,10715.00,122.07,0.00,2.46,0.62,0.74,66800800000.00,0.94,0.48,13.10,78.30,52.00,1.53,0.31,1.57,4246439.00,0.67,,0.37,0.04,2890084.00,8.54,-80.78
Papua New Guinea,20.00,0.03,462840.00,4000.00,27.07,7536.00,155.99,0.04,3.56,0.74,1.36,24969611435.00,1.09,0.02,38.00,64.30,145.00,1.16,0.06,0.07,8776109.00,0.47,0.14,0.37,0.02,1162834.00,-6.31,143.96
Paraguay,18.00,0.55,406752.00,27000.00,20.57,7407.00,143.82,0.03,2.43,0.38,1.04,38145288940.00,1.04,0.35,17.20,74.10,129.00,1.55,0.37,1.35,7044636.00,0.72,0.10,0.35,0.05,4359150.00,-23.44,-58.44
Peru,26.00,0.19,1285216.00,158000.00,17.95,57414.00,129.78,0.02,2.25,0.58,0.99,226848050820.00,1.07,0.71,11.10,76.50,88.00,1.28,0.31,1.27,32510453.00,0.78,0.14,0.37,0.03,25390339.00,-9.19,-75.02
Philippines,368.00,0.42,300000.00,153000.00,20.55,122287.00,129.61,0.03,2.58,0.28,0.86,376795508680.00,1.08,0.36,22.50,71.10,121.00,1.12,0.54,0.60,108116615.00,0.60,0.14,0.43,0.02,50975903.00,12.88,121.77
Poland,124.00,0.47,312685.00,191000.00,10.20,299037.00,114.11,0.02,1.46,0.31,1.07,592164400688.00,1.00,0.68,3.80,77.60,2.00,2.93,0.23,2.38,37970874.00,0.57,0.17,0.41,0.03,22796574.00,51.92,19.15
Portugal,111.00,0.40,92212.00,52000.00,8.50,48742.00,110.62,0.00,1.38,0.35,1.54,237686075635.00,1.06,0.64,3.10,81.30,8.00,3.78,0.28,5.12,10269417.00,0.59,0.23,0.40,0.06,6753579.00,39.40,-8.22
Qatar,248.00,0.06,11586.00,22000.00,9.54,103259.00,115.38,-0.01,1.87,0.00,0.40,183466208791.00,1.04,0.18,5.80,80.10,9.00,,0.06,2.49,2832067.00,0.87,0.15,0.11,0.00,2809071.00,25.35,51.18
Romania,84.00,0.59,238391.00,126000.00,9.60,69259.00,123.78,0.04,1.71,0.30,1.16,250077444017.00,0.85,0.49,6.10,75.40,19.00,2.25,0.21,2.98,19356544.00,0.55,0.15,0.20,0.04,10468793.00,45.94,24.97
Russia,9.00,0.13,17098240.00,1454000.00,11.50,1732027.00,180.75,0.05,1.57,0.50,0.59,1699876578871.00,1.03,0.82,6.10,72.70,17.00,0.53,0.36,4.01,144373535.00,0.62,0.11,0.46,0.05,107683889.00,61.52,105.32
Rwanda,525.00,0.73,26338.00,35000.00,31.70,1115.00,151.09,0.03,4.04,0.20,1.17,10122472590.00,1.33,0.07,27.00,68.70,248.00,,0.26,0.13,12626950.00,0.84,0.14,0.33,0.01,2186104.00,-1.94,29.87
Saint Kitts and Nevis,205.00,0.23,261.00,,12.60,238.00,104.57,-0.01,2.11,0.42,,1050992593.00,1.09,0.87,9.80,71.30,,3.33,0.57,2.52,52823.00,,0.19,0.50,,16269.00,17.36,-62.78
Saint Lucia,301.00,0.17,616.00,,12.00,414.00,110.13,0.02,1.44,0.33,1.30,2122450630.00,1.03,0.14,14.90,76.10,117.00,,0.48,0.64,182790.00,0.67,0.18,0.35,0.21,34280.00,13.91,-60.98
Saint Vincent and the Grenadines,284.00,0.26,389.00,,14.24,220.00,109.67,0.02,1.89,0.69,,825385185.00,1.13,0.24,14.80,72.40,68.00,1.16,0.21,0.66,100455.00,0.66,0.25,0.37,0.19,58185.00,12.98,-61.29
Samoa,70.00,0.12,2831.00,,24.38,246.00,117.56,0.01,3.88,0.60,0.91,850655017.00,1.11,0.08,13.60,73.20,43.00,0.78,0.12,0.34,202506.00,0.44,0.26,0.19,0.08,35588.00,-13.76,-172.10
San Marino,566.00,0.17,61.00,,6.80,,110.63,0.01,1.26,0.00,,1637931034.00,1.08,0.43,1.70,85.40,,,0.18,6.11,33860.00,,0.18,0.36,,32969.00,43.94,12.46
Saudi Arabia,16.00,0.81,2149690.00,252000.00,17.80,563449.00,118.40,-0.01,2.32,0.01,0.24,792966838162.00,1.00,0.68,6.00,75.00,17.00,3.85,0.15,2.61,34268528.00,0.56,0.09,0.16,0.06,28807838.00,23.89,45.08
Senegal,87.00,0.46,196722.00,19000.00,34.52,10902.00,109.25,0.02,4.63,0.43,1.14,23578084052.00,0.81,0.13,31.80,67.70,315.00,0.31,0.44,0.07,16296364.00,0.46,0.16,0.45,0.07,7765706.00,14.50,-14.45
Serbia,100.00,0.39,77474.00,32000.00,9.20,45221.00,144.00,0.02,1.49,0.31,1.16,51409167351.00,1.00,0.67,4.80,75.50,12.00,1.57,0.41,3.11,6944975.00,0.55,0.19,0.37,0.13,3907243.00,44.02,21.01
Seychelles,214.00,0.03,455.00,0.00,17.10,605.00,129.96,0.02,2.41,0.88,,1698843063.00,1.00,0.17,12.40,72.80,53.00,2.00,0.03,0.95,97625.00,,0.34,0.30,,55762.00,-4.68,55.49
Sierra Leone,111.00,0.55,71740.00,9000.00,33.41,1093.00,234.16,0.15,4.26,0.43,1.08,3941474311.00,1.13,0.02,78.50,54.30,1120.00,0.57,0.38,0.03,7813215.00,0.58,0.09,0.31,0.04,3319366.00,8.46,-11.78
Singapore,8358.00,0.01,716.00,81000.00,8.80,37535.00,114.41,0.01,1.14,0.23,1.25,372062527489.00,1.01,0.85,2.30,83.10,8.00,,0.37,2.29,5703569.00,0.71,0.13,0.21,0.04,5703569.00,1.35,103.82
Slovakia,114.00,0.39,49035.00,16000.00,10.60,32424.00,115.34,0.03,1.52,0.40,1.32,105422304976.00,0.99,0.47,4.60,77.20,5.00,3.11,0.18,3.42,5454073.00,0.60,0.19,0.50,0.06,2930419.00,48.67,19.70
Slovenia,103.00,0.31,20273.00,7000.00,9.40,12633.00,111.05,0.02,1.60,0.62,1.32,53742159517.00,1.00,0.79,1.70,81.00,7.00,5.25,0.13,3.09,2087946.00,0.58,0.19,0.31,0.04,1144654.00,46.15,15.00
Solomon Islands,25.00,0.04,28896.00,,32.44,169.00,133.06,0.02,4.40,0.78,,1425074226.00,1.06,,17.10,72.80,104.00,0.40,0.03,0.19,669823.00,0.84,0.30,0.32,0.01,162164.00,-9.65,160.16
Somalia,25.00,0.70,637657.00,20000.00,41.75,645.00,,,6.07,0.10,1.41,4720727278.00,0.23,0.03,76.60,57.10,829.00,,,0.02,15442905.00,0.47,0.00,,0.11,7034861.00,5.15,46.20
South Africa,49.00,0.80,1219090.00,80000.00,20.51,476644.00,158.93,0.04,2.41,0.08,0.92,351431649241.00,1.01,0.22,28.50,63.90,119.00,,0.08,0.91,58558270.00,0.56,0.28,0.29,0.28,39149717.00,-30.56,22.94
South Korea,527.00,0.17,99720.00,634000.00,6.40,620302.00,115.16,0.00,0.98,0.63,1.22,2029000000000.00,0.98,0.94,2.70,82.60,11.00,6.49,0.37,2.36,51709098.00,0.63,0.16,0.33,0.04,42106719.00,35.91,127.77
South Sudan,18.00,,644329.00,185000.00,35.01,1727.00,4583.71,1.88,4.70,,0.28,11997800751.00,0.73,,63.70,57.60,1150.00,,0.61,,11062113.00,0.72,,0.31,0.12,2201250.00,6.88,31.31
Spain,94.00,0.53,505370.00,196000.00,7.90,244002.00,110.96,0.01,1.26,0.37,1.26,1394116310769.00,1.03,0.89,2.50,83.30,4.00,5.60,0.24,3.87,47076781.00,0.58,0.14,0.47,0.14,37927409.00,40.46,-3.75
Sri Lanka,341.00,0.44,65610.00,317000.00,15.83,23362.00,155.53,0.04,2.20,0.33,0.88,84008783756.00,1.00,0.20,6.40,76.80,36.00,0.35,0.38,1.00,21803000.00,0.54,0.12,0.55,0.04,4052088.00,7.87,80.77
Sudan,25.00,0.29,1861484.00,124000.00,32.18,20000.00,1344.19,0.51,4.41,0.08,0.95,18902284476.00,0.77,0.17,42.10,65.10,295.00,0.41,0.63,0.26,42813238.00,0.48,0.08,0.45,0.17,14957233.00,12.86,30.22
Suriname,4.00,0.01,163820.00,2000.00,18.54,1738.00,294.66,0.22,2.42,0.98,1.29,3985250737.00,1.09,0.13,16.90,71.60,120.00,,0.10,1.21,581372.00,0.51,0.20,0.28,0.07,384258.00,3.92,-56.03
Sweden,25.00,0.07,450295.00,30000.00,11.40,43252.00,110.51,0.02,1.76,0.69,1.42,530832908738.00,1.27,0.67,2.20,82.50,4.00,,0.15,3.98,10285453.00,0.65,0.28,0.49,0.06,9021165.00,60.13,18.64
Switzerland,219.00,0.38,41277.00,21000.00,10.00,34477.00,99.55,0.00,1.52,0.32,1.45,703082435360.00,1.05,0.60,3.70,83.60,5.00,,0.28,4.30,8574832.00,0.68,0.10,0.29,0.05,6332428.00,46.82,8.23
Syria,95.00,0.76,185180.00,239000.00,23.69,28830.00,143.20,0.37,2.81,0.03,0.83,40405006007.00,0.82,0.40,14.00,71.80,31.00,1.02,0.54,1.22,17070135.00,0.44,0.14,0.43,0.08,9358019.00,34.80,39.00
Tajikistan,68.00,0.34,144100.00,17000.00,30.76,5310.00,148.57,0.06,3.59,0.03,0.71,8116626794.00,1.01,0.31,30.40,70.90,17.00,0.23,0.63,1.70,9321018.00,0.42,0.10,0.67,0.11,2545477.00,38.86,71.28
Tanzania,67.00,0.45,947300.00,28000.00,36.70,11973.00,187.43,0.04,4.89,0.52,0.87,63177068175.00,0.94,0.04,37.60,65.00,524.00,0.09,0.26,0.01,58005463.00,0.83,0.12,0.44,0.02,20011885.00,-6.37,34.89
Thailand,137.00,0.43,513120.00,455000.00,10.34,283763.00,113.27,0.01,1.53,0.32,0.71,543649976166.00,1.00,0.49,7.80,76.90,37.00,1.06,0.12,0.81,69625582.00,0.67,0.15,0.30,0.01,35294600.00,15.87,100.99
East Timor,89.00,0.26,14874.00,2000.00,29.42,495.00,145.38,0.03,4.02,0.45,1.10,1673540300.00,1.15,0.18,39.30,69.30,142.00,0.60,0.10,0.72,3500000.00,0.67,0.25,0.17,0.05,400182.00,-8.87,125.73
Togo,152.00,0.70,56785.00,10000.00,33.11,3000.00,113.30,0.01,4.32,0.03,0.71,5459979417.00,1.24,0.15,47.40,60.80,396.00,0.34,0.51,0.08,8082366.00,0.78,0.17,0.48,0.02,3414638.00,8.62,0.82
Tonga,147.00,0.46,747.00,,24.30,128.00,121.09,0.07,3.56,0.13,,450353314.00,1.16,0.06,13.40,70.80,52.00,,0.10,0.52,100209.00,0.60,0.22,0.28,0.01,24145.00,-21.18,-175.20
Trinidad and Tobago,273.00,0.11,5128.00,4000.00,12.94,43868.00,141.75,0.01,1.73,0.46,0.54,24100202834.00,1.06,0.12,16.40,73.40,67.00,2.25,0.37,4.17,1394973.00,0.60,0.20,0.41,0.03,741944.00,10.69,-61.22
Tunisia,76.00,0.65,163610.00,48000.00,17.56,29937.00,155.33,0.07,2.20,0.07,0.73,38797709924.00,1.15,0.32,14.60,76.50,43.00,0.47,0.40,1.30,11694719.00,0.46,0.21,0.61,0.16,8099061.00,33.89,9.54
Turkey,110.00,0.50,783562.00,512000.00,16.03,372725.00,234.44,0.15,2.07,0.15,1.42,754411708203.00,0.93,0.24,9.10,77.40,17.00,3.45,0.17,1.85,83429615.00,0.53,0.18,0.42,0.13,63097818.00,38.96,35.24
Turkmenistan,13.00,0.72,488100.00,42000.00,23.83,70630.00,,,2.79,0.09,0.29,40761142857.00,0.88,0.08,39.30,68.10,7.00,0.88,0.71,2.22,5942089.00,0.65,,,0.04,3092738.00,38.97,59.56
Tuvalu,393.00,0.60,26.00,,,11.00,,,,0.33,,47271463.00,0.86,,20.60,,,,0.01,0.92,11646.00,,,,,7362.00,-7.11,177.65
Uganda,229.00,0.72,241038.00,46000.00,38.14,5680.00,173.87,0.03,4.96,0.10,0.94,34387229486.00,1.03,0.05,33.80,63.00,375.00,0.01,0.41,0.17,44269594.00,0.70,0.12,0.34,0.02,10784516.00,1.37,32.29
Ukraine,75.00,0.72,603550.00,297000.00,8.70,202250.00,281.66,0.08,1.30,0.17,0.83,153781069118.00,0.99,0.83,7.50,71.60,19.00,0.84,0.48,2.99,44385155.00,0.54,0.20,0.45,0.09,30835699.00,48.38,31.17
United Arab Emirates,118.00,0.06,83600.00,63000.00,10.33,206324.00,114.52,-0.02,1.41,0.05,0.49,421142267938.00,1.08,0.37,6.50,77.80,3.00,,0.18,2.53,9770529.00,0.82,0.00,0.16,0.02,8479744.00,23.42,53.85
United Kingdom,281.00,0.72,243610.00,148000.00,11.00,379025.00,119.62,0.02,1.68,0.13,1.46,2827113184696.00,1.01,0.60,3.60,81.30,7.00,10.13,0.15,2.81,66834405.00,0.63,0.26,0.31,0.04,55908316.00,55.38,-3.44
United States,36.00,0.44,9833517.00,1359000.00,11.60,5006302.00,117.24,0.08,1.73,0.34,0.71,21427700000000.00,1.02,0.88,5.60,78.50,19.00,7.25,0.11,2.61,328239523.00,0.62,0.10,0.37,0.15,270663028.00,37.09,-95.71
Uruguay,20.00,0.83,176215.00,22000.00,13.86,6766.00,202.92,0.08,1.97,0.11,1.50,56045912952.00,1.09,0.63,6.40,77.80,17.00,1.66,0.16,5.05,3461734.00,0.64,0.20,0.42,0.09,3303394.00,-32.52,-55.77
Uzbekistan,79.00,0.63,447400.00,68000.00,23.30,91811.00,,,2.42,0.08,1.03,57921286440.00,1.04,0.10,19.10,71.60,29.00,0.24,0.43,2.37,33580650.00,0.65,0.15,0.32,0.06,16935729.00,41.38,64.59
Vanuatu,25.00,0.15,12189.00,,29.60,147.00,117.13,0.03,3.78,0.36,1.31,917058851.00,1.09,0.05,22.30,70.30,72.00,1.56,0.09,0.17,299882.00,0.70,0.18,0.09,0.04,76152.00,-15.38,166.96
Venezuela,32.00,0.25,912050.00,343000.00,17.88,164175.00,2740.27,2.55,2.27,0.53,0.00,482359318768.00,0.97,0.79,21.40,72.10,125.00,0.01,0.46,1.92,28515829.00,0.60,,0.73,0.09,25162368.00,6.42,-66.59
Vietnam,314.00,0.39,331210.00,522000.00,16.75,192668.00,163.52,0.03,2.05,0.48,0.80,261921244843.00,1.11,0.29,16.50,75.30,43.00,0.73,0.44,0.82,96462106.00,0.77,0.19,0.38,0.02,35332140.00,14.06,108.28
Yemen,56.00,0.45,527968.00,40000.00,30.45,10609.00,157.58,0.08,3.79,0.01,0.92,26914402224.00,0.94,0.10,42.90,66.10,164.00,,0.81,0.31,29161922.00,0.38,,0.27,0.13,10869523.00,15.55,48.52
Zambia,25.00,0.32,752618.00,16000.00,36.19,5141.00,212.31,0.09,4.63,0.65,1.40,23064722446.00,0.99,0.04,40.40,63.50,213.00,0.24,0.28,1.19,17861030.00,0.75,0.16,0.16,0.11,7871713.00,-13.13,27.85
Zimbabwe,38.00,0.42,390757.00,51000.00,30.68,10983.00,105.51,0.01,3.62,0.36,1.34,21440758800.00,1.10,0.10,33.90,61.20,458.00,,0.26,0.21,14645468.00,0.83,0.21,0.32,0.05,4717305.00,-19.02,29.15
